RATIO OR RATE, 			LARGE_NAIVE		, 	LARGE_INTERCHANGE
IPC, 				0.465			,	3.1886792453
Cache miss ratio, 		0.8596491228		,	0.7777777778
Cache miss rate PTI, 		105.37634409		,	0.2899408284
LLC load miss ratio, 		0.8596491228		,	0.8412698413
LLC load miss rate PTI, 	0.1053763441		,	0.3136094675
dTLB load miss rate PTI, 	0.05161290323		,	0.003944773176
Branch mispredict ratio, 	0.0005641025641		,	0,0004210526316
Branch mispred rate PTI, 	0.04731182796		,	0,03550295858
