RATIO OR RATE, 			LARGE_NAIVE		, 	LARGE_INTERCHANGE
IPC, 				0.2810596815		,	3.1881091067		
Cache miss ratio, 		0.8485881376		,	0.8412698413	
Cache miss rate PTI, 		105.92313094		,	0.2897248205	
LLC load miss ratio, 		0.853398159		,	0.8412698413	
LLC load miss rate PTI, 	105.92313094		,	0.3133758263	
dTLB load miss rate PTI, 	0.05154096755		,	0.003941834293	
Branch mispredict ratio, 	0.0005558081956		,	0.000472329371	
Branch mispred rate PTI, 	0.04724588692		,	0.03547650864	
